artist|popularity
Miley Cyrus|87
FIFTY FIFTY|80
ROSALÍA|85
PinkPantheress|79
Metro Boomin|91
David Kushner|79
KAROL G|89
Rema|81
Taylor Swift|100
d4vd|80
David Guetta|88
SZA|89
The Weeknd|95
OneRepublic|83
Bizarrap|85
The Weeknd|95
Stephen Sanchez|77
Tom Odell|76
Harry Styles|88
The Weeknd|95
Bad Bunny|96
Eminem|90
Coi Leray|80
Taylor Swift|100
RAYE|77
Bad Bunny|96
Drake|95
Miguel|79
The Neighbourhood|83
Sam Smith|84
Taylor Swift|100
Ruth B.|74
NewJeans|79
Bad Bunny|96
JVKE|82
Glass Animals|76
Manuel Turizo|83
Morgan Wallen|90
Billie Eilish|87
Meghan Trainor|78
Sabrina Carpenter|77
Ed Sheeran|90
Drake|95
Bad Bunny|96
Harry Styles|88
Eminem|90
Yandel|79
Coldplay|88
The Weeknd|95
Arctic Monkeys|86
The Weeknd|95
Ed Sheeran|90
Harry Styles|88
Taylor Swift|100
Labrinth|80
One Direction|85
The Weeknd|95
Lewis Capaldi|82
Eminem|90
Bruno Mars|87
Taylor Swift|100
Post Malone|89
Justin Bieber|89
Conan Gray|79
The Walters|69
Bruno Mars|87
Taylor Swift|100
Bad Bunny|96
Drake|95
Calvin Harris|86
Frank Ocean|83
Ed Sheeran|90
Ed Sheeran|90
The Weeknd|95
Coldplay|88
Arctic Monkeys|86
Ed Sheeran|90
Billie Eilish|87
Kanye West|90
Niall Horan|79
Sam Smith|84
Linkin Park|85
Arcángel|83
Central Cee|82
Elley Duhé|76
The Killers|76
Linkin Park|85
Ed Sheeran|90
James Arthur|81
The Chainsmokers|80
Keane|73
The Kid LAROI|80
Twenty One Pilots|79
Taylor Swift|100
Avicii|81
Imagine Dragons|87
Olivia Rodrigo|82
Avicii|81
Lost Frequencies|77
Doja Cat|85
Ariana Grande|88
Coldplay|88
Harry Styles|88
John Legend|76
Lewis Capaldi|82
Måneskin|80
The Chainsmokers|80
Elton John|83
OneRepublic|83
The Neighbourhood|83
Olivia Rodrigo|82
Imagine Dragons|87
Olivia Rodrigo|82
Billie Eilish|87
Drake|95
Kanye West|90
JISOO|73
Joji|81
Drake|95
Olivia Rodrigo|82
Travis Scott|89
Shakira|89
Kendrick Lamar|89
SZA|89
Alec Benjamin|76
Frank Ocean|83
Rihanna|89
JAY-Z|83
SZA|89
Post Malone|89
Kate Bush|70
Adele|85
The White Stripes|71
Lady Gaga|85
The Kid LAROI|80
Kali Uchis|85
Bruno Mars|87
Tame Impala|80
Coldplay|88
Eminem|90
Sam Smith|84
Shawn Mendes|83
Cris Mj|75
Stephen Sanchez|77
One Direction|85
Kendrick Lamar|89
Taylor Swift|100
Imanbek|73
Gorillaz|80
Coldplay|88
Olivia Rodrigo|82
Coldplay|88
DJ Snake|78
Dua Lipa|87
Gesaffelstein|74
Justin Bieber|89
Kendrick Lamar|89
Juice WRLD|88
Maroon 5|85
Ariana Grande|88
Paloma Faith|68
Coldplay|88
Drake|95
Maroon 5|85
Nelly Furtado|76
Childish Gambino|78
Vance Joy|75
Taylor Swift|100
WALK THE MOON|68
Travis Scott|89
Eminem|90
Sam Smith|84
Hozier|79
Ed Sheeran|90
Rihanna|89
Rihanna|89
Billie Eilish|87
Bad Bunny|96
GAYLE|67
Billie Eilish|87
Lady Gaga|85
Billie Eilish|87
Evanescence|72
The Weeknd|95
Taylor Swift|100
Lana Del Rey|91
Bryson Tiller|79
Tyler, The Creator|87
Adele|85
JAY-Z|83
Pitbull|82
Eminem|90
Taylor Swift|100
Marshmello|83
Train|78
Travis Scott|89
Måneskin|80
50 Cent|83
Ice Spice|80
Jaymes Young|69
XXXTENTACION|86
Marshmello|83
Dua Lipa|87
Eminem|90
Santana|73
XXXTENTACION|86
Rihanna|89
Rihanna|89
Bad Bunny|96
Justin Bieber|89
Farruko|83
Ariana Grande|88
KAROL G|89
Foster The People|71
Offset|81
Twenty One Pilots|79
Capital Cities|66
Wiz Khalifa|81
One Direction|85
Calvin Harris|86
Post Malone|89
Bad Bunny|96
Lil Nas X|78
Tiësto|84
Calvin Harris|86
Britney Spears|80
French Montana|74
Mark Ronson|74
Avicii|81
Charlie Puth|83
girl in red|73
Usher|79
Lukas Graham|70
21 Savage|90
blink-182|78
Justin Bieber|89
Post Malone|89
Lewis Capaldi|82
DNCE|68
Carly Rae Jepsen|72
Macklemore & Ryan Lewis|74
Red Hot Chili Peppers|82
Coldplay|88
Post Malone|89
Powfu|69
Rauw Alejandro|88
Dua Lipa|87
Swedish House Mafia|75
BTS|90
Imagine Dragons|87
Calvin Harris|86
Jack Harlow|80
Daddy Yankee|87
Daft Punk|81
The Game|72
Giveon|77
Outkast|74
Black Eyed Peas|80
Lauv|75
Backstreet Boys|74
Lil Nas X|78
P!nk|81
Bruno Mars|87
Tainy|76
Selena Gomez|84
Selena Gomez & The Scene|68
Future|90
J. Cole|87
24kGoldn|72
Swedish House Mafia|75
Outkast|74
Coldplay|88
Coldplay|88
Sean Paul|81
Miley Cyrus|87
Adele|85
XXXTENTACION|86
The Weeknd|95
Kings of Leon|74
Akon|80
Adele|85
Justin Bieber|89
Gym Class Heroes|68
Doja Cat|85
Kanye West|90
Maroon 5|85
Ariana Grande|88
Roddy Ricch|79
Jimmy Eat World|67
Hoobastank|66
Timbaland|76
Kesha|76
Pitbull|82
David Guetta|88
Shakira|89
Post Malone|89
Lil Uzi Vert|86
Lil Baby|88
Doja Cat|85
Christina Perri|70
Lizzo|76
Kodaline|68
Kendrick Lamar|89
Maroon 5|85
Camila Cabello|80
Rihanna|89
50 Cent|83
Snow Patrol|67
MKTO|65
Calum Scott|77
Luis Fonsi|74
Florence + The Machine|77
The Chainsmokers|80
Rihanna|89
Taio Cruz|69
BØRNS|67
Meek Mill|75
Pharrell Williams|79
Twenty One Pilots|79
Kanye West|90
Post Malone|89
The Weeknd|95
Alicia Keys|77
Jason Mraz|72
Martin Garrix|76
Bon Jovi|78
Ava Max|79
Doja Cat|85
Bad Bunny|96
NF|81
Avicii|81
MGMT|73
Eminem|90
Lil Wayne|86
CKay|71
Taylor Swift|100
Flo Rida|78
Nelly Furtado|76
Shawn Mendes|83
Maroon 5|85
Dua Lipa|87
Eminem|90
Red Hot Chili Peppers|82
Calvin Harris|86
Lady Gaga|85
Lil Tecca|76
Polo G|82
Madison Beer|72
Juice WRLD|88
MAGIC!|69
Rihanna|89
Nelly Furtado|76
Shawn Mendes|83
Marshmello|83
Shawn Mendes|83
Milky Chance|74
Ariana Grande|88
OneRepublic|83
My Chemical Romance|77
Dr. Dre|80
Pitbull|82
Bruno Mars|87
WILLOW|71
Spice Girls|68
Linkin Park|85
Pop Smoke|81
Black Eyed Peas|80
Miley Cyrus|87
Khalid|84
Britney Spears|80
Kanye West|90
Amy Winehouse|74
Maroon 5|85
Carrie Underwood|72
American Authors|66
George Ezra|75
Lil Tjay|80
Sia|83
Avril Lavigne|75
Don Omar|82
Katy Perry|84
Usher|79
Kendrick Lamar|89
One Direction|85
Neon Trees|65
Alan Walker|82
Dr. Dre|80
Britney Spears|80
Kanye West|90
SZA|89
Post Malone|89
The Script|72
Camila Cabello|80
The Fray|68
Nickelback|76
ZAYN|75
Dua Lipa|87
Lady Gaga|85
Bruno Mars|87
3 Doors Down|70
Of Monsters and Men|67
Keyshia Cole|67
Ariana Grande|88
Playboi Carti|83
Becky G|81
Sheck Wes|64
LISA|77
Axwell /\ Ingrosso|65
Meghan Trainor|78
JAY-Z|83
One Direction|85
Rihanna|89
Miley Cyrus|87
Imagine Dragons|87
Regard|69
Katy Perry|84
Lorde|75
Rihanna|89
JAY-Z|83
Maroon 5|85
Red Hot Chili Peppers|82
One Direction|85
Nicki Minaj|86
Franz Ferdinand|66
Sean Paul|81
Tiësto|84
Zedd|74
Amy Macdonald|64
Maroon 5|85
Rauw Alejandro|88
Empire of the Sun|72
Cardi B|80
Miley Cyrus|87
Taylor Swift|100
Taylor Swift|100
Rihanna|89
Ariana Grande|88
Coldplay|88
Kanye West|90
Stromae|71
Green Day|79
Jessie J|69
Dean Lewis|75
Linkin Park|85
Ariana Grande|88
James Arthur|81
Justin Timberlake|79
Sia|83
OMI|64
Daddy Yankee|87
Demi Lovato|78
Beyoncé|87
Bad Bunny|96
Nelly|74
Rihanna|89
Tyler, The Creator|87
Jay Sean|65
Train|78
A Boogie Wit da Hoodie|83
Bryson Tiller|79
Linkin Park|85
Owl City|69
Arctic Monkeys|86
Rihanna|89
Alicia Keys|77
The Wanted|64
Post Malone|89
Bruno Mars|87
Joel Corry|75
Demi Lovato|78
Avicii|81
Plain White T's|63
The Lumineers|76
James Blunt|71
Lewis Capaldi|82
Taylor Swift|100
Cardi B|80
Mike Posner|69
Dynoro|65
Lil Nas X|78
Weezer|73
Shaggy|73
50 Cent|83
Doja Cat|85
Sam Smith|84
Meghan Trainor|78
R. City|53
Akon|80
Ellie Goulding|81
Taylor Swift|100
Zara Larsson|76
J. Cole|87
Bad Bunny|96
Usher|79
Calvin Harris|86
Drake|95
Drake|95
Jennifer Lopez|75
Britney Spears|80
The Lumineers|76
50 Cent|83
Corinne Bailey Rae|63
P!nk|81
Majestic|63
SAINt JHN|69
Kanye West|90
Alessia Cara|73
will.i.am|73
Justin Timberlake|79
Eminem|90
Nicki Minaj|86
Paramore|78
Fall Out Boy|79
Eminem|90
Foo Fighters|79
Frank Ocean|83
Fall Out Boy|79
Macklemore & Ryan Lewis|74
GROUPLOVE|64
Adele|85
Flo Rida|78
Flo Rida|78
t.A.T.u.|62
Nico & Vinz|62
Estelle|65
Taylor Swift|100
21 Savage|90
Sean Kingston|69
Nadin Amizah|67
One Direction|85
Wiz Khalifa|81
Calvin Harris|86
Ariana Grande|88
Dua Lipa|87
BTS|90
Kanye West|90
XXXTENTACION|86
Gnarls Barkley|63
Toploader|62
Red Hot Chili Peppers|82
Piso 21|75
Kesha|76
Train|78
Trevor Daniel|65
Pitbull|82
Chris Brown|86
Marshmello|83
Timbaland|76
Ariana Grande|88
Flo Rida|78
Owl City|69
Maluma|83
Drake|95
G-Eazy|75
Drake|95
Calvin Harris|86
JP Saxe|66
Ariana Grande|88
Kygo|79
MGMT|73
Soulja Boy|68
Audioslave|68
Khalid|84
Dave|66
A Boogie Wit da Hoodie|83
SZA|89
Taylor Swift|100
Bruno Mars|87
Rixton|60
THE ANXIETY|60
David Guetta|88
Maroon 5|85
M83|70
Miley Cyrus|87
Justin Timberlake|79
Drake|95
Skillet|73
Ariana Grande|88
Mark Ronson|74
Lil Nas X|78
Daft Punk|81
M.I.A.|66
Polo G|82
J. Cole|87
Post Malone|89
DaBaby|81
Limp Bizkit|74
Bad Bunny|96
Lil Peep|82
Destiny's Child|71
Doja Cat|85
Martin Garrix|76
David Guetta|88
George Ezra|75
Becky G|81
Adele|85
Ne-Yo|83
P!nk|81
Rihanna|89
Robin Schulz|79
Shawn Mendes|83
Muse|75
Lorde|75
Bruno Mars|87
Rae Sremmurd|73
Kungs|72
Pamungkas|70
Katy Perry|84
Mr. Probz|64
My Chemical Romance|77
Justin Bieber|89
Post Malone|89
Snoop Dogg|82
Vanessa Carlton|62
Shaggy|73
Jet|64
Masked Wolf|66
Alice Deejay|60
Ariana Grande|88
Topic|74
Bad Bunny|96
Charlie Puth|83
Rob $tone|58
Gorillaz|80
Flo Rida|78
ScHoolboy Q|72
OneRepublic|83
Fall Out Boy|79
All Time Low|69
Rihanna|89
Incubus|69
Snoop Dogg|82
The Weeknd|95
Sia|83
Mary J. Blige|70
Calvin Harris|86
Kygo|79
Sean Paul|81
Drake|95
Macklemore|77
3 Doors Down|70
Jamie Miller|65
The Game|72
Ed Sheeran|90
gnash|63
blink-182|78
James Arthur|81
Bruno Mars|87
The 1975|79
Black Eyed Peas|80
Shakira|89
Modjo|60
Juicy Luicy|67
Major Lazer|74
BTS|90
Oliver Tree|75
John Newman|68
Miley Cyrus|87
Lou Bega|60
Cassie|63
G-Eazy|75
Flo Rida|78
Imagine Dragons|87
Maroon 5|85
BTS|90
Dua Lipa|87
MEDUZA|77
Ariana Grande|88
Black Eyed Peas|80
Iyaz|64
Flo Rida|78
Justin Timberlake|79
Arizona Zervas|65
MK|65
Ariana Grande|88
Avril Lavigne|75
Rihanna|89
Rihanna|89
DJ Snake|78
Nio Garcia|72
Thirty Seconds To Mars|69
KAROL G|89
Natasha Bedingfield|65
Kings of Leon|74
Mark Ronson|74
Lana Del Rey|91
Shakira|89
fun.|67
The Killers|76
Selena Gomez & The Scene|68
Britney Spears|80
Fifth Harmony|68
Logic|76
50 Cent|83
Dominic Fike|76
Lost Frequencies|77
Aqua|63
Justin Bieber|89
Foo Fighters|79
Leona Lewis|64
Robin Thicke|63
Loud Luxury|69
Taio Cruz|69
T-Pain|76
Red Hot Chili Peppers|82
Katy Perry|84
Eric Prydz|64
Kylie Minogue|72
Zedd|74
Mike Posner|69
Tones And I|70
Gorillaz|80
Mabel|68
Norah Jones|71
benny blanco|71
Anitta|78
Backstreet Boys|74
A$AP Rocky|83
The Red Jumpsuit Apparatus|62
Katy Perry|84
Beyoncé|87
Alok|78
Adele|85
Kygo|79
Nelly|74
The Killers|76
Madonna|80
Surf Mesa|62
Drake|95
The Weeknd|95
Sum 41|72
Justin Bieber|89
Pitbull|82
Labrinth|80
Eve|67
Hailee Steinfeld|71
T.I.|74
Anne-Marie|80
Russ|76
Beyoncé|87
Future|90
DJ Snake|78
Lil Nas X|78
Post Malone|89
Dennis Lloyd|66
Kehlani|74
Waka Flocka Flame|66
Jeremih|73
The Chainsmokers|80
Katy Perry|84
Jonas Blue|76
Bastille|74
Kanye West|90
Jessie J|69
Mustard|67
X Ambassadors|72
The Strokes|76
Nelly|74
Galantis|72
Jawsh 685|61
Tory Lanez|80
Anuel AA|88
OneRepublic|83
Shakira|89
Niall Horan|79
Alien Ant Farm|59
Sia|83
Migos|76
Kygo|79
Kelly Clarkson|74
Lil Wayne|86
Surfaces|68
Jason Derulo|79
Rae Sremmurd|73
Drake|95
Jason Derulo|79
Bruno Mars|87
Miley Cyrus|87
THE SCOTTS|57
Ozuna|87
Taylor Swift|100
DJ Khaled|76
Halsey|83
James Blunt|71
Florence + The Machine|77
Kodak Black|84
Fetty Wap|69
B.o.B|72
Daniel Powter|59
U2|77
Ed Sheeran|90
Ne-Yo|83
Limp Bizkit|74
Jack Johnson|76
Rae Sremmurd|73
Lil Mosey|69
Adele|85
Anuel AA|88
Britney Spears|80
Eminem|90
Soulja Boy|68
Justin Timberlake|79
Sam Smith|84
Ariana Grande|88
Alex Gaudino|60
Jessie J|69
Jeremih|73
Sean Kingston|69
Jonas Blue|76
Sum 41|72
Avril Lavigne|75
Lizzo|76
Kanye West|90
Tove Lo|74
One Direction|85
Drake|95
Big Sean|77
Three Days Grace|74
Lauv|75
Coldplay|88
Guru Josh Project|57
Nelly|74
Kendrick Lamar|89
Gigi D'Agostino|68
Katy Perry|84
Disclosure|72
Mario|65
Dua Lipa|87
Rascal Flatts|69
Far East Movement|65
Alex & Sierra|58
One Direction|85
One Direction|85
DJ Snake|78
Bebe Rexha|81
J Balvin|86
Bazzi|71
Paramore|78
The Kooks|67
Alicia Keys|77
B.o.B|72
Charlie Puth|83
Finger Eleven|60
A$AP Ferg|71
Ariana Grande|88
Lady Gaga|85
Clean Bandit|74
The Chainsmokers|80
AWOLNATION|61
Azealia Banks|64
Eminem|90
Little Mix|75
Lunay|70
The 1975|79
Eric Church|73
Fountains Of Wayne|58
Limp Bizkit|74
Ed Sheeran|90
Selena Gomez|84
Drake|95
Drake|95
Fetty Wap|69
Olly Murs|65
Calvin Harris|86
Migos|76
Jason Derulo|79
Rihanna|89
David Guetta|88
The Calling|61
P!nk|81
Chris Brown|86
Nicky Jam|81
Lifehouse|63
Billie Eilish|87
Madonna|80
Paulo Londra|77
Paramore|78
Felix Jaehn|76
Kid Rock|67
OneRepublic|83
Chris Brown|86
Migos|76
Halsey|83
Myke Towers|87
T-Pain|76
Beyoncé|87
KAROL G|89
Kanye West|90
GANGGA|59
Green Day|79
Justin Bieber|89
Linkin Park|85
alt-J|70
Bella Poarch|64
Echosmith|58
Charlie Puth|83
Jason Aldean|74
50 Cent|83
Akon|80
Jeremih|73
Keane|73
Drake|95
Bruno Mars|87
Ashanti|71
Drake|95
John Mayer|77
Black Eyed Peas|80
Taio Cruz|69
Pitbull|82
Katy Perry|84
Arctic Monkeys|86
Akon|80
The xx|66
Juanes|75
The Strokes|76
Ed Sheeran|90
Major Lazer|74
Shakira|89
BlocBoy JB|59
Khalid|84
Sara Bareilles|65
Chris Brown|86
Lana Del Rey|91
Coldplay|88
Black Eyed Peas|80
Swedish House Mafia|75
D12|64
Justin Timberlake|79
Lady A|85
Zara Larsson|76
Mariah Carey|77
Usher|79
Jennifer Lopez|75
Rihanna|89
Stromae|71
Lady Gaga|85
LMFAO|67
Cardi B|80
Lilly Wood and The Prick|62
Clean Bandit|74
Chris Brown|86
Rihanna|89
Adele|85
5 Seconds of Summer|77
Daya|69
KT Tunstall|59
Baby Bash|61
Lana Del Rey|91
The Script|72
Calvin Harris|86
Clean Bandit|74
Wheatus|60
Katy Perry|84
Lady Gaga|85
Dido|71
Billie Eilish|87
Rudimental|69
Kanye West|90
Ella Mai|70
John Mayer|77
Mariah Carey|77
Dua Lipa|87
Avril Lavigne|75
Two Door Cinema Club|68
T.I.|74
Fat Joe|67
Arctic Monkeys|86
Jack Ü|59
Fifth Harmony|68
The Fray|68
John Mayer|77
Tinashe|67
Ed Sheeran|90
Travis Scott|89
Justin Bieber|89
Timbaland|76
Pink Sweat$|68
Taylor Swift|100
Selena Gomez|84
Kelly Clarkson|74
Saweetie|70
Travie McCoy|61
Cardi B|80
J Balvin|86
Trey Songz|69
Colbie Caillat|68
Ellie Goulding|81
Usher|79
Crazy Town|58
Aminé|73
Selena Gomez|84
Drake|95
Kardinal Offishall|60
Ed Sheeran|90
The Pussycat Dolls|68
dhruv|68
Beyoncé|87
Luis Fonsi|74
Coldplay|88
Nickelback|76
Christina Aguilera|77
Calvin Harris|86
OneRepublic|83
Lewis Capaldi|82
MIKA|66
Lorde|75
Trapt|56
Alesso|75
Shawn Mendes|83
Busta Rhymes|71
Calvin Harris|86
Avril Lavigne|75
Christina Perri|70
Tom Walker|66
Internet Money|69
James Bay|70
FINNEAS|67
Future|90
Ruth B.|74
Usher|79
Lady Gaga|85
Cardi B|80
Alexandra Stan|61
Route 94|56
Jordin Sparks|62
Rae Sremmurd|73
MARINA|72
Lost Frequencies|77
Amy Winehouse|74
Fort Minor|60
Iyaz|64
Jonas Blue|76
Eminem|90
Katy Perry|84
Backstreet Boys|74
NLE Choppa|82
Kelly Clarkson|74
Miguel|79
Calvin Harris|86
Avicii|81
Florence + The Machine|77
Coldplay|88
A Boogie Wit da Hoodie|83
DJ Snake|78
Dan + Shay|72
Katy Perry|84
X Ambassadors|72
Drake|95
David Guetta|88
James TW|64
DMX|70
Chris Brown|86
Lloyd|64
Jason Aldean|74
JAY-Z|83
Lady Gaga|85
Marshmello|83
Vampire Weekend|66
Selena Gomez|84
La Roux|62
Jonas Brothers|77
Maroon 5|85
Major Lazer|74
Eminem|90
Kid Cudi|80
blackbear|77
Kendrick Lamar|89
Alicia Keys|77
Michael Bublé|72
Selena Gomez|84
Sean Kingston|69
Uncle Kracker|62
Rihanna|89
Lana Del Rey|91
Creed|79
James Bay|70
Phillip Phillips|62
Bobby Shmurda|57
Sam Smith|84
Kanye West|90
Astrid S|66
Katy Perry|84
Diddy|72
Nelly Furtado|76
Sean Paul|81
Tiësto|84
Jennifer Lopez|75
Destiny's Child|71
Drake|95
Years & Years|68
Chris Brown|86
Chris Brown|86
ScHoolboy Q|72
Kanye West|90
Justin Bieber|89
ROSÉ|79
Pamungkas|70
Sech|80
DMX|70
Lyodra|69
Lana Del Rey|91
Akon|80
Outkast|74
Selena Gomez|84
Sean Paul|81
Puddle Of Mudd|62
The Kooks|67
Ed Sheeran|90
Birdy|70
Bon Iver|74
The Strokes|76
Nickelback|76
Michael Bublé|72
Tyga|80
Rihanna|89
MGMT|73
JoJo|62
Kanye West|90
Cage The Elephant|73
Burak Yeter|57
Usher|79
Usher|79
Rihanna|89
Cardi B|80
Adele|85
Kesha|76
Justin Timberlake|79
Jason Derulo|79
The Pussycat Dolls|68
CJ|63
David Guetta|88
The Kid LAROI|80
Sofía Reyes|70
Craig David|64
Snakehips|64
The Vamps|67
Lonestar|59
Toby Keith|69
Machine Gun Kelly|78
Jack Johnson|76
Skrillex|77
Jesse McCartney|58
Young Money|62
Madcon|62
Weezer|73
Fergie|69
JAY-Z|83
Megan Thee Stallion|78
Arctic Monkeys|86
Usher|79
Pia Mia|57
Mac Miller|83
iann dior|73
6ix9ine|72
P!nk|81
James Blunt|71
Justin Bieber|89
Gwen Stefani|72
Michael Bublé|72
Machine Gun Kelly|78
Dr. Dre|80
Britney Spears|80
Britney Spears|80
T-Pain|76
DJ Khaled|76
Beyoncé|87
KYLE|63
Passenger|70
Lil Wayne|86
Billie Eilish|87
Migos|76
Creed|79
Chris Brown|86
G-Eazy|75
Justin Bieber|89
Lil Nas X|78
David Guetta|88
Rich The Kid|72
The Weeknd|95
Coldplay|88
Nickelback|76
Darude|58
Vance Joy|75
Justin Timberlake|79
Rihanna|89
Ed Sheeran|90
Foster The People|71
Bruno Mars|87
Miley Cyrus|87
Twista|65
Lily Allen|67
Alvaro Soler|67
Klangkarussell|63
Marshmello|83
The Pussycat Dolls|68
Oasis|76
DaBaby|81
Destiny's Child|71
Khalid|84
Mike Perry|67
Lupe Fiasco|66
Black Eyed Peas|80
Fall Out Boy|79
Childish Gambino|78
Sisqo|58
Hot Chelle Rae|56
DJ Snake|78
2 Chainz|76
P.O.D.|61
Beyoncé|87
Lil Wayne|86
Weeekly|52
Lenny Kravitz|69
Maggie Rogers|68
Crazy Frog|57
Enrique Iglesias|77
Christina Aguilera|77
Labrinth|80
Beyoncé|87
Khalid|84
Black Eyed Peas|80
Big Sean|77
The Corrs|60
James Morrison|62
The Pussycat Dolls|68
Robbie Williams|70
LeAnn Rimes|61
Offset|81
Maluma|83
Nelly|74
Stereophonics|63
Maroon 5|85
Chris Brown|86
Jay Sean|65
Maroon 5|85
3OH!3|62
Enrique Iglesias|77
Iggy Azalea|69
Lil Dicky|60
Bingo Players|58
Missy Elliott|71
The All-American Rejects|66
Florida Georgia Line|75
Selena Gomez|84
Michael Bublé|72
Toni Braxton|63
Alessia Cara|73
Coldplay|88
The Darkness|55
Avicii|81
Mario Winans|59
Icona Pop|66
Panic! At The Disco|77
DJ Khaled|76
Jason Derulo|79
Kanye West|90
P!nk|81
Eminem|90
Andy Grammer|69
Pamungkas|70
Jay Rock|73
Good Charlotte|65
Tim McGraw|72
Daft Punk|81
Duffy|51
Usher|79
Normani|68
Black Eyed Peas|80
Westlife|69
Saweetie|70
The Fray|68
Desiigner|63
Eric Prydz|64
Natasha Bedingfield|65
Omarion|64
Bridgit Mendler|59
Chamillionaire|57
Lil Wayne|86
Robbie Williams|70
Ashanti|71
Nickelback|76
Shinedown|70
JP Cooper|67
LMFAO|67
Ne-Yo|83
Kid Ink|67
Migos|76
fun.|67
Jamelia|52
Snoop Dogg|82
Lady Gaga|85
Sia|83
Gwen Stefani|72
Outkast|74
Armin van Buuren|74
Mariah Carey|77
P!nk|81
Kevin Lyttle|60
Rascal Flatts|69
Eminem|90
3 Doors Down|70
OneRepublic|83
David Guetta|88
Katy Perry|84
Britney Spears|80
Missy Elliott|71
Chris Brown|86
Rihanna|89
DJ Snake|78
Cobra Starship|57
Kesha|76
Kevin Gates|73
Meek Mill|75
Duncan Laurence|67
50 Cent|83
Beyoncé|87
Ramz|58
Cardi B|80
Jason Aldean|74
Jeremih|73
Kesha|76
Timbaland|76
The 1975|79
Nick Jonas|66
Diddy - Dirty Money|52
Rihanna|89
StarBoi3|51
Christina Aguilera|77
Katy Perry|84
Jonas Blue|76
Enrique Iglesias|77
Blu Cantrell|57
Ardhito Pramono|60
Clean Bandit|74
Aloe Blacc|65
Timbaland|76
The Rasmus|57
Kaleb J|57
Sezairi|52
P!nk|81
AJ Tracey|67
The Chicks|67
Paolo Nutini|67
Flipp Dinero|57
Ne-Yo|83
Eminem|90
Mumford & Sons|72
Freya Ridings|62
Lil Jon & The East Side Boyz|62
Rihanna|89
Yeah Yeah Yeahs|65
Taylor Swift|100
Nina Sky|58
Kelly Clarkson|74
The Notorious B.I.G.|78
Grimes|68
Asaf Avidan|59
GABRIELLE|56
Kid Rock|67
Joel Adams|52
Gwen Stefani|72
Chingy|58
Bob Sinclar|68
Lizzo|76
Miley Cyrus|87
Florence + The Machine|77
Beyoncé|87
Martin Jensen|66
Rihanna|89
The Raconteurs|57
Liam Payne|63
Petit Biscuit|62
Kesha|76
Drake|95
SAYGRACE|56
Michael Jackson|82
5 Seconds of Summer|77
Justin Bieber|89
Nine Days|50
Cage The Elephant|73
Jon Bellion|66
Justin Bieber|89
Lupe Fiasco|66
Mary J. Blige|70
Afroman|60
Iggy Azalea|69
P!nk|81
Ella Mai|70
*NSYNC|66
Sia|83
Ne-Yo|83
September|51
T.I.|74
Ginuwine|65
O-Zone|56
Uncle Kracker|62
Alicia Keys|77
Christina Aguilera|77
The Script|72
Pharrell Williams|79
Oliver Heldens|70
2Pac|80
Chris Brown|86
Ciara|70
Kodaline|68
Lorde|75
Flo Rida|78
Flo Rida|78
Duke Dumont|65
Smash Mouth|65
Drake|95
Shontelle|54
Fabolous|66
2 Chainz|76
JoJo|62
Maggie Rogers|68
Bad Meets Evil|59
Akon|80
Missy Elliott|71
Jennifer Lopez|75
Amy Winehouse|74
Britney Spears|80
Tory Lanez|80
Kendrick Lamar|89
Mabel|68
Kelis|63
Junior Senior|53
Ludacris|76
The Fray|68
Paolo Nutini|67
Galantis|72
Sam Feldt|72
Lilly Wood and The Prick|62
D12|64
Jeezy|69
Aaliyah|66
Ayo & Teo|55
Adele|85
Metro Station|53
Ed Sheeran|90
Travis|89
Lil Jon|72
Edward Maya|63
Justin Timberlake|79
Tove Lo|74
Young Thug|84
Martin Garrix|76
Calvin Harris|86
David Guetta|88
Aaliyah|66
Migos|76
Matchbox Twenty|68
Westlife|69
will.i.am|73
Sean Paul|81
David Guetta|88
Miguel|79
Empire of the Sun|72
Basshunter|60
OneRepublic|83
Nicki Minaj|86
Snoop Dogg|82
Leona Lewis|64
Spiderbait|53
Kesha|76
Jamie Foxx|69
James Blunt|71
Faith Hill|63
Ellie Goulding|81
David Archuleta|53
Dizzee Rascal|62
Toploader|62
John Mayer|77
Pitbull|82
Sigala|73
Logic|76
Britney Spears|80
Secondhand Serenade|56
Deorro|67
iann dior|73
Megan Thee Stallion|78
Dua Lipa|87
Usher|79
Lee Ann Womack|57
Britney Spears|80
Joe|76
Beyoncé|87
T-Pain|76
Jennifer Lopez|75
Jason Derulo|79
Destiny's Child|71
Nick Jonas|66
Tom Walker|66
Christina Aguilera|77
Terror Squad|51
Ida Corr|52
Calvin Harris|86
David Guetta|88
Bow Wow|59
Black Eyed Peas|80
Mahalini|75
Foals|64
Fetty Wap|69
Beyoncé|87
Basshunter|60
Swedish House Mafia|75
Twista|65
Emeli Sandé|63
Tiësto|84
Sebastian Ingrosso|61
Jason Derulo|79
Swedish House Mafia|75
Usher|79
Tom Jones|64
Uncle Kracker|62
Robbie Williams|70
Lasgo|52
Beyoncé|87
Drake|95
Justin Timberlake|79
Passion Pit|58
Cali Swag District|49
Las Ketchup|53
The 1975|79
Ariana Grande|88
Macklemore & Ryan Lewis|74
Desiigner|63
DNCE|68
Shakira|89
Larissa Lambert|52
Rihanna|89
Nickelback|76
Jagged Edge|61
Jax Jones|74
JAY-Z|83
Misellia|51
Razorlight|57
Justin Bieber|89
Akon|80
Eminem|90
YG|74
Puddle Of Mudd|62
Kelly Clarkson|74
The Script|72
Diskoria|57
Trey Songz|69
FRENSHIP|52
Christina Aguilera|77
The All-American Rejects|66
Cheryl|58
MØ|90
Kasabian|62
Jennifer Lopez|75
Klaxons|50
DJ Sammy|53
Chad Kroeger|53
Daya|69
Kiesza|55
Purple Disco Machine|74
Plies|61
Diddy|72
Staind|64
Yung Joc|61
Russ Millions|69
Roddy Ricch|79
Kevin Rudolf|51
Ellie Goulding|81
Jamiroquai|67
The Shapeshifters|52
B.o.B|72
Budi Doremi|66
David Guetta|88
Maroon 5|85
Ne-Yo|83
Doja Cat|85
Shouse|69
Third Eye Blind|64
Wayne Wonder|52
Gavin DeGraw|61
Mary J. Blige|70
John Legend|76
Dermot Kennedy|74
Take That|63
Sam Feldt|72
Rae Sremmurd|73
Yo Gotti|65
Agnes|58
Benny Benassi|66
Michael Franti & Spearhead|57
Scouting For Girls|55
Avicii|81
Bobby V.|58
Lorde|75
Natalie La Rose|50
Sugarland|57
WILLOW|71
Ed Sheeran|90
Sean Kingston|69
Céline Dion|73
The Script|72
Gigi D'Agostino|68
Blueface|68
Britney Spears|80
Enrique Iglesias|77
Jason Derulo|79
David Guetta|88
Donell Jones|55
Duffy|51
KALEO|69
Eminem|90
Macklemore & Ryan Lewis|74
Baha Men|49
Philip George|55
Nicky Jam|81
Beyoncé|87
Alicia Keys|77
James Morrison|62
Ellie Goulding|81
Bruno Mars|87
Ariana Grande|88
Lil Wayne|86
Christina Aguilera|77
Nelly Furtado|76
Neon Trees|65
Chris Brown|86
Akon|80
J. Holiday|51
Stevan Pasaribu|52
KT Tunstall|59
Ciara|70
Destiny's Child|71
T.I.|74
Usher|79
Beyoncé|87
Cherish|65
Imany|56
Kent Jones|49
Rich Homie Quan|64
Eamon|50
Fergie|69
DJ Fresh|53
Cobra Starship|57
Jack Johnson|76
Pretty Ricky|55
Fitz and The Tantrums|65
Kelly Clarkson|74
John Mayer|77
Alessia Cara|73
The Pussycat Dolls|68
Enrique Iglesias|77
Death Cab for Cutie|63
James Morrison|62
Sisqo|58
Sonique|50
A.R. Rahman|81
D4L|47
Anastacia|60
Ciara|70
Sean Paul|81
Phoenix|65
Kanye West|90
Gwen Stefani|72
Sam Smith|84
DJ Khaled|76
Matoma|65
Nicki Minaj|86
Keri Hilson|67
Ja Rule|69
Rihanna|89
Ray J|53
Mary Mary|70
JUVENILE|58
3OH!3|62
Zedd|74
Big Tymers|51
Lupe Fiasco|66
Filter|55
Amy Winehouse|74
Atomic Kitten|56
Rui Da Silva|53
Kelis|63
Chris Brown|86
Usher|79
G.R.L.|55
Silentó|49
Yolanda Be Cool|53
T.I.|74
Atomic Kitten|56
Jason Derulo|79
Amy Winehouse|74
Janet Jackson|66
Blue|68
The xx|66
Ed Sheeran|90
Charli XCX|75
Wiley|44
Justin Bieber|89
Sia|83
Fabolous|66
Tove Lo|74
Robyn|60
Sting|70
Thomas Rhett|73
Jess Glynne|72
Black Eyed Peas|80
Chris Brown|86
Jason Derulo|79
Fergie|69
The Chemical Brothers|62
EO|48
Lloyd|64
Ella Henderson|74
Bastille|74
No Doubt|67
Usher|79
Black Eyed Peas|80
JAY-Z|83
Ludacris|76
Lykke Li|67
The-Dream|63
Kaiser Chiefs|59
Anastacia|60
Kylie Minogue|72
*NSYNC|66
Wolfmother|60
Bow Wow|59
Destiny's Child|71
Robin Thicke|63
Janelle Monáe|70
Switchfoot|58
Kelly Rowland|68
Panjabi MC|54
Armand Van Helden|63
Trey Songz|69
Flume|71
Lumidee|51
112|64
Amy Winehouse|74
Black Eyed Peas|80
The-Dream|63
Macklemore & Ryan Lewis|74
NEIKED|63
Monica|62
B.o.B|72
Lil' Flip|53
Kendrick Lamar|89
Ariana Grande|88
Santana|73
Paramore|78
The Roots|59
Maroon 5|85
No Doubt|67
Cher Lloyd|60
Sean Paul|81
Calvin Harris|86
Christina Aguilera|77
Westlife|69
Nelly|74
Martin Garrix|76
Wale|69
Calvin Harris|86
DRAM|65
Starley|54
Sigala|73
Example|58
OneRepublic|83
Black Eyed Peas|80
Cascada|65
Tinie Tempah|66
Lil Pump|65
6ix9ine|72
Lifehouse|63
Ashanti|71
INNA|70
Pitbull|82
Tyrese|56
Flo Rida|78
Taylor Swift|100
The Band Perry|56
Daniel Bedingfield|52
Jess Glynne|72
Justin Bieber|89
No Doubt|67
JAY-Z|83
Example|58
Justin Timberlake|79
Maroon 5|85
Beyoncé|87
S Club 7|56
HÄWK|49
John Mayer|77
Ciara|70
Disclosure|72
Jordin Sparks|62
Ray J|53
50 Cent|83
Britney Spears|80
Natasha Bedingfield|65
Ciara|70
All Saints|56
Tyga|80
Far East Movement|65
Wiz Khalifa|81
Ying Yang Twins|62
John Legend|76
Plies|61
Madonna|80
The Weeknd|95
Shania Twain|74
E-40|67
Lana Del Rey|91
G-Unit|63
Tiësto|84
Jennifer Lopez|75
Fifth Harmony|68
Britney Spears|80
B2K|52
Plies|61
Christina Aguilera|77
Usher|79
Special D.|52
Ed Sheeran|90
Snakehips|64
S Club 7|56
Calvin Harris|86
Cascada|65
P!nk|81
Craig David|64
Chris Brown|86
Eve|67
Sean Paul|81
ScHoolboy Q|72
Olly Murs|65
Fuel|56
Taio Cruz|69
Stefflon Don|67
Scissor Sisters|60
JAY-Z|83
Calvin Harris|86
Mario|65
Mary J. Blige|70
Steve Aoki|73
Keyshia Cole|67
Jesse McCartney|58
Big Shaq|45
Aaliyah|66
Bubba Sparxxx|54
Khia|47
PARTYNEXTDOOR|77
Bastille|74
Cam’ron|59
Chingy|58
Elbow|52
Blue|68
Nelly|74
Shop Boyz|46
Chingy|58
Judika|45
Ludacris|76
Papa Roach|72
Bow Wow|59
Destiny's Child|71
Joel Corry|75
Lloyd|64
The Supermen Lovers|46
Simple Plan|68
BENEE|66
LMC|47
will.i.am|73
BOYS LIKE GIRLS|60
Martin Garrix|76
Stormzy|71
Maroon 5|85
Gwen Stefani|72
Jonas Brothers|77
Busted|56
Céline Dion|73
Truth Hurts|43
Chase & Status|60
Destiny's Child|71
O.T. Genasis|53
Labrinth|80
ZHU|64
Rudimental|69
Calvin Harris|86
Petey Pablo|59
Pitbull|82
Ludacris|76
Musiq Soulchild|59
T2|48
Lil Wayne|86
Nas|74
Pitbull|82
Bone Thugs-N-Harmony|66
Trick Daddy|57
Black Eyed Peas|80
B Young|83
New Hope Club|53
Dem Franchize Boyz|47
Cheat Codes|68
Fat Joe|67
Fabolous|66
Ludacris|76
The All-American Rejects|66
Sophie Ellis-Bextor|59
Emeli Sandé|63
Sigma|59
The Prodigy|65
Tweet|47
Drake|95
ZAYN|75
Ultrabeat|49
Maxwell|57
Gorgon City|64
Craig David|64
Vengaboys|63
Plan B|78
Nicki Minaj|86
Jordin Sparks|62
Selena Gomez|84
Scooter|51
will.i.am|73
Lizzo|76
Alicia Keys|77
Soulja Boy|68
Rudimental|69
50 Cent|83
K'NAAN|nan
Sigala|73
Wiz Khalifa|81
Marc E. Bassy|59
Taylor Swift|100
Anne-Marie|80
Lana Del Rey|91
Gwen Stefani|72
Florida Georgia Line|75
Kanye West|90
Alicia Keys|77
Kaiser Chiefs|59
The Streets|56
Sia|83
Montell Jordan|57
Ciara|70
David Guetta|88
Stereophonics|63
Sunshine Anderson|42
Dizzee Rascal|62
Houston|76
Asher Roth|46
Omarion|64
Radiohead|80
Ronan Keating|61
Ginuwine|65
Keyshia Cole|67
Ronan Keating|61
Fergie|69
Room 5|49
Ja Rule|69
Aaliyah|66
Madonna|80
Duke Dumont|65
Katie Melua|58
Lloyd Banks|62
Kaiser Chiefs|59
Floetry|47
Mis-Teeq|45
DJ Snake|78
Cheat Codes|68
Gotye|67
Blue|68
Jennifer Hudson|56
Ludacris|76
Kygo|79
Mariah Carey|77
Aloe Blacc|65
Alex Clare|53
Nelly Furtado|76
The Veronicas|55
Colby O'Donis|67
Disclosure|72
Pretty Ricky|55
Noah And The Whale|52
Elvis Presley|78
Michel Teló|60
McFly|57
Jax Jones|74
Ja Rule|69
Ashanti|71
Enrique Iglesias|77
Jax Jones|74
Travis Scott|89
Mýa|62
Jidenna|53
Mariah Carey|77
Rizzle Kicks|51
Enrique Iglesias|77
CeeLo Green|63
Kate Nash|50
Infernal|29
Selena Gomez|84
Missy Elliott|71
Lil Wayne|86
LL COOL J|62
No Doubt|67
DJ Ötzi|57
Chingy|58
D12|64
Blue|68
La Roux|62
Razorlight|57
Mariah Carey|77
Naughty Boy|60
Ciara|70
Ne-Yo|83
Demi Lovato|78
Kelis|63
Case|55
Erick Sermon|49
The Game|72
Nelly|74
Scooter|51
Melanie C|55
Waka Flocka Flame|66
Lily Allen|67
Pretty Ricky|55
Jagged Edge|61
GABRIELLE|56
Sugababes|58
Snoop Dogg|82
Sam Feldt|72
Simply Red|67
Gabriella Cilmi|45
P!nk|81
Scouting For Girls|55
Hilltop Hoods|61
*NSYNC|66
MiMS|45
Niall Horan|79
Robbie Williams|70
Elliott Yamin|42
Adam Lambert|62
Tinie Tempah|66
Calvin Harris|86
Jennifer Lopez|75
George Michael|72
Baby Bash|61
Erykah Badu|67
Jordin Sparks|62
Ne-Yo|83
The Pussycat Dolls|68
Cardi B|80
The Fratellis|60
Gym Class Heroes|68
Madison Avenue|49
JAY-Z|83
Drake|95
Flo Rida|78
Cam’ron|59
Bon Iver|74
Scissor Sisters|60
Zara Larsson|76
The Coral|53
112|64
Klingande|60
Zay Hilfigerrr|40
Dere|58
Rudimental|69
Storm Queen|42
Eiffel 65|62
Ruff Endz|43
Tinchy Stryder|45
Ashanti|71
Bow Wow|59
Pendulum|61
Jaheim|55
Fedde Le Grand|58
Flume|71
Mystikal|56
Years & Years|68
Anastacia|60
Young T & Bugsey|57
J. Holiday|51
Wyclef Jean|71
Jason Derulo|79
Clean Bandit|74
Baby Boy Da Prince|41
Fabolous|66
Rich Boy|45
J-Kwon|51
Busta Rhymes|71
2Pac|80
Ying Yang Twins|62
Wiley|44
Christina Milian|52
Donell Jones|55
Next|55
Creed|79
Christina Milian|52
Milow|36
Enrique Iglesias|77
Fatman Scoop|59
JLS|49
Sam Sparro|48
Robin Thicke|63
Jibbs|41
Anne-Marie|80
Flo Rida|78
Danity Kane|45
Anitta|78
John Legend|76
DJ Fresh|53
Gavin DeGraw|61
Keri Hilson|67
Alicia Keys|77
Kylie Minogue|72
Justin Timberlake|79
Otto Knows|61
Anneth|48
Mary J. Blige|70
Hayden James|59
Shakira|89
Timeflies|51
Missy Elliott|71
Busta Rhymes|71
Jennifer Lopez|75
iio|43
Avant|54
Avicii|81
Girls Aloud|51
Kylie Minogue|72
McFly|57
Ellie Goulding|81
Joe|76
AFROJACK|72
Scissor Sisters|60
99 Souls|45
Sugababes|58
Eminem|90
Fergie|69
Kelly Rowland|68
Youngbloodz|48
Kid Cudi|80
Enrique Iglesias|77
DJ Pied Piper & The Masters Of Ceremonies|38
Bomfunk MC's|51
Destiny's Child|71
Martin Solveig|64
Nelly|74
Peking Duk|52
Sugababes|58
Carl Thomas|49
Jagged Edge|61
Oasis|76
P!nk|81
3LW|42
Justin Timberlake|79
N.O.R.E.|55
NSG|58
DB Boulevard|44
Avant|54
N.E.R.D|56
Jeezy|69
Moloko|54
Da Brat|51
"H ""two"" O"|38
Chris Brown|86
Drake|95
Tim Berg|52
Gavin DeGraw|61
Gym Class Heroes|68
Kandi|44
Nelly|74
Jagged Edge|61
Trey Songz|69
Faith Evans|64
Jennifer Lopez|75
Doja Cat|85
Selena Gomez & The Scene|68
Swedish House Mafia|75
Cashmere Cat|54
Huey|63
Basement Jaxx|54
Trey Songz|69
Twista|65
Faithless|60
Alicia Keys|77
DJ Khaled|76
PNAU|73
M.O.P.|52
Howie Day|53
Christina Milian|52
JAY-Z|83
Kiiara|59
Olivia Holt|46
Jason Derulo|79
Will Young|46
DJ Fresh|53
John Legend|76
ROSALÍA|85
Ludacris|76
Charlie Puth|83
Tinie Tempah|66
Omarion|64
Eric Prydz|64
Nelly|74
Sheryl Crow|67
Trillville|44
Ludacris|76
Jim Jones|54
City High|45
Iggy Azalea|69
Ciara|70
Nicki Minaj|86
Chicane|57
The Streets|56
Brandy|64
Alesso|75
Mumford & Sons|72
Alicia Keys|77
LL COOL J|62
Wyclef Jean|71
David Banner|50
Sugababes|58
Nelly|74
Snoop Dogg|82
Hailee Steinfeld|71
Just Jack|45
Lily Allen|67
CHVRCHES|63
Outkast|74
Jason Derulo|79
Selena Gomez & The Scene|68
Amerie|54
M.O|52
Mario|65
Diddy|72
Mike Posner|69
AlunaGeorge|62
Bob Sinclar|68
David Guetta|88
Lil' Kim|65
Dido|71
James Morrison|62
So Solid Crew|39
Missy Elliott|71
Black Eyed Peas|80
Missy Elliott|71
Noah And The Whale|52
Jonas Blue|76
Ashanti|71
Ludacris|76
Jenil|42
Kelly Rowland|68
Jason Derulo|79
Sugababes|58
Nick Jonas|66
Andy Grammer|69
*NSYNC|66
Karley Scott Collins|45
Ja Rule|69
Illy|48
Enrique Iglesias|77
Unk|62
David Bowie|77
Duck Sauce|52
Counting Crows|68
Kelis|63
Chip|51
Janet Jackson|66
Tyga|80
Lil Jon & The East Side Boyz|62
Eminem|90
Musiq Soulchild|59
Lil' Kim|65
Orson|41
Janet Jackson|66
Scouting For Girls|55
Chumbawamba|54
Kodak Black|84
Lucas & Steve|63
Birdy|70
David Guetta|88
Mis-Teeq|45
Amanda Perez|41
Brandy|64
Mann|53
Jay Sean|65
Basement Jaxx|54
Daniel Bedingfield|52
Taio Cruz|69
Sammie|60
Martin Solveig|64
Black Eyed Peas|80
Sak Noel|53
Ludacris|76
Tamia|61
Beyoncé|87
B2K|52
Dizzee Rascal|62
Charli Baltimore|33
Sweet Female Attitude|43
*NSYNC|66
King Princess|59
Lemar|36
Big Brovaz|36
Sidney Samson|47
Meck|26
AFROJACK|72
David Guetta|88
Matt Simons|59
Mýa|62
Sigala|73
Hoodie Forester|29
T-Pain|76
Beyoncé|87
NSB|38
will.i.am|73
Swedish House Mafia|75
Brandy|64
Samantha Mumba|44
André Aires|24
Jordin Sparks|62
Trey Songz|69
Sweet Imperfections|33
Liberty X|38
Fort Minor|60
LL COOL J|62
The Temper Trap|66
Keri Hilson|67
Robyn|60
Roger Sanchez|51
Danyka|45
Mariah Carey|77
Missy Higgins|48
Player1|39
Fat Joe|67
Jack Harlow|80
K-Ci & JoJo|59
PSY|63
Blessing Offor|54
Professor Green|48
City High|45
Angie Martinez|37
Emily Hearn|32
Trill Ryan|35
Default|47
JLS|49
Leah Justine|13
Years & Years|68
Hinder|60
Kameechi|24
Seether|68
Maeesha b|20
Project North|26
Bow Wow|59
Will Smith|71
London|72
No Work On Monday|14
Dom Devino|16
DaFOO|23
Maithili Raelle|20
Marlon Percy|15
Molly Warburton|19
David Guetta|88
Hunter Mouallem|12
Mary J. Blige|70
Lukx|21
Charlie Mat|0
Ekat Bork|9
Marcello Spooks|22
KTEE|17
Mila Nabours|11
Havens|48
KJ Hand|8
Preston TO|10
Kodiro|0
Usher|79
Jordan Cabo Smith|4
Thimo Konings|7
Marta Delas|8
Beach Blvd|6
Mando Diao|55
Desire Machines|5
Everything Brighter|12
LEADR|8
